{
	"width": 1280,
	"height": 720,
	"fps": 60,
	"main": "./script/aez_bundle_main.js",
	"assets": {
		"title": {
			"type": "image",
			"width": 1172,
			"height": 144,
			"path": "files/6a2fc763d1ca590c49f9.png",
			"hint": {
				"untainted": true
			},
			"virtualPath": "image/title.png"
		},
		"rule": {
			"type": "image",
			"width": 265,
			"height": 162,
			"path": "files/799b8886c5c5083f467b.png",
			"hint": {
				"untainted": true
			},
			"virtualPath": "image/rule.png"
		},
		"haikei": {
			"type": "image",
			"width": 1280,
			"height": 720,
			"path": "files/864e1de2036fcd185ce9.png",
			"hint": {
				"untainted": true
			},
			"virtualPath": "image/haikei.png"
		},
		"bgm1": {
			"type": "audio",
			"path": "files/42c2e82a7b25686dee3d",
			"systemId": "music",
			"duration": 77375,
			"hint": {
				"extensions": [
					".aac",
					".ogg"
				]
			},
			"virtualPath": "audio/huon"
		},
		"Main_botti": {
			"type": "image",
			"width": 45,
			"height": 59,
			"path": "files/26b99e5429643ddfff79.png",
			"hint": {
				"untainted": true
			},
			"virtualPath": "image/Main_botti.png"
		},
		"NPC_botti": {
			"type": "image",
			"width": 45,
			"height": 59,
			"path": "files/4d2b091c372a3e18121f.png",
			"hint": {
				"untainted": true
			},
			"virtualPath": "image/NPC_botti.png"
		},
		"Nushi_botti": {
			"type": "image",
			"width": 45,
			"height": 59,
			"path": "files/e3a2136f1801504ac8c1.png",
			"hint": {
				"untainted": true
			},
			"virtualPath": "image/Nushi_botti.png"
		},
		"Main_OK": {
			"type": "image",
			"width": 45,
			"height": 59,
			"path": "files/46deaf1863fa7e0a4b2f.png",
			"hint": {
				"untainted": true
			},
			"virtualPath": "image/Main_OK.png"
		},
		"NPC_OK": {
			"type": "image",
			"width": 45,
			"height": 59,
			"path": "files/1be63e11e959c1b2abea.png",
			"hint": {
				"untainted": true
			},
			"virtualPath": "image/NPC_OK.png"
		},
		"Nushi_OK": {
			"type": "image",
			"width": 45,
			"height": 59,
			"path": "files/941599898e5f1e832762.png",
			"hint": {
				"untainted": true
			},
			"virtualPath": "image/Nushi_OK.png"
		},
		"bgm2": {
			"type": "audio",
			"path": "files/d051c8371aa5d746b387",
			"systemId": "music",
			"duration": 61716,
			"hint": {
				"extensions": [
					".aac",
					".ogg"
				]
			},
			"virtualPath": "audio/hotaru_piano_5"
		},
		"sotugyo": {
			"type": "image",
			"width": 1280,
			"height": 720,
			"path": "files/37199944d16e37c17b8c.png",
			"hint": {
				"untainted": true
			},
			"virtualPath": "image/sotugyo.png"
		},
		"taiho": {
			"type": "image",
			"width": 390,
			"height": 227,
			"path": "files/e769d9a20bd7a0122466.png",
			"hint": {
				"untainted": true
			},
			"virtualPath": "image/taiho.png"
		},
		"icon": {
			"type": "image",
			"path": "files/9942b1a81a388b720ec2.png",
			"width": 224,
			"height": 224,
			"hint": {
				"untainted": true
			},
			"virtualPath": "image/icon.png"
		},
		"Main_NG": {
			"type": "image",
			"path": "files/7bf711d78aa96b8d8fd3.png",
			"width": 45,
			"height": 59,
			"hint": {
				"untainted": true
			},
			"virtualPath": "image/Main_NG.png"
		},
		"NPC_NG": {
			"type": "image",
			"path": "files/fcff60d28b89ce3501f1.png",
			"width": 45,
			"height": 59,
			"hint": {
				"untainted": true
			},
			"virtualPath": "image/NPC_NG.png"
		},
		"Nushi_NG": {
			"type": "image",
			"path": "files/5dc3cf1df4a2e516ba99.png",
			"width": 45,
			"height": 59,
			"hint": {
				"untainted": true
			},
			"virtualPath": "image/Nushi_NG.png"
		},
		"aez_bundle_main": {
			"type": "script",
			"global": true,
			"path": "files/f086925699839f7a9594.js",
			"virtualPath": "script/aez_bundle_main.js"
		}
	},
	"environment": {
		"sandbox-runtime": "3",
		"nicolive": {
			"supportedModes": [
				"multi_admission"
			],
			"preferredSessionParameters": {
				"totalTimeLimit": 80
			}
		},
		"external": {
			"coeLimited": "0",
			"send": "0"
		},
		"akashic-runtime": {
			"version": "~3.9.4-0",
			"flavor": "-canvas"
		}
	},
	"globalScripts": [],
	"moduleMainScripts": {
		"@akashic-extension/akashic-hover-plugin": "node_modules/@akashic-extension/akashic-hover-plugin/lib/index.js",
		"@akashic-extension/resolve-player-info": "node_modules/@akashic-extension/resolve-player-info/lib/index.js",
		"@akashic-extension/akashic-timeline": "node_modules/@akashic-extension/akashic-timeline/lib/index.js"
	},
	"exportZipInfo": {
		"version": "1.9.18",
		"option": {
			"strip": true,
			"babel": true,
			"hashFilename": true,
			"targetService": "nicolive",
			"nicolive": true
		}
	}
}